{"userName": "Storm Jedediah", "userLogin": "Storm_Jedediah", "userEmail": "storm.jedediah@example.com", "projectKey": "WOQ"}
{"userName": "Erwin Rupert", "userLogin": "Erwin_Rupert", "userEmail": "erwin.rupert@example.com", "projectKey": "WOQ"}
{"userName": "Izidora Camille", "userLogin": "Izidora_Camille", "userEmail": "izidora.camille@example.com", "projectKey": "WOQ"}
{"userName": "Lou Megan", "userLogin": "Lou_Megan", "userEmail": "lou.megan@example.com", "projectKey": "WOQ"}
{"userName": "Jersey Ozzie", "userLogin": "Jersey_Ozzie", "userEmail": "jersey.ozzie@example.com", "projectKey": "WOQ"}
{"userName": "Ahmed Timothy", "userLogin": "Ahmed_Timothy", "userEmail": "ahmed.timothy@example.com", "projectKey": "WOQ"}
{"userName": "Mei Pansy", "userLogin": "Mei_Pansy", "userEmail": "mei.pansy@example.com", "projectKey": "WOQ"}
{"userName": "Anneke Jazz", "userLogin": "Anneke_Jazz", "userEmail": "anneke.jazz@example.com", "projectKey": "WOQ"}
{"userName": "Lorenzo Lloyd", "userLogin": "Lorenzo_Lloyd", "userEmail": "lorenzo.lloyd@example.com", "projectKey": "WOQ"}
{"userName": "Barbara Ceri", "userLogin": "Barbara_Ceri", "userEmail": "barbara.ceri@example.com", "projectKey": "WOQ"}
