{"userName": "Norah Kendra", "userLogin": "Norah_Kendra", "userEmail": "norah.kendra@example.com", "projectKey": "LYA"}
{"userName": "Janice Tracie", "userLogin": "Janice_Tracie", "userEmail": "janice.tracie@example.com", "projectKey": "YRT"}
{"userName": "Rosella Genna", "userLogin": "Rosella_Genna", "userEmail": "rosella.genna@example.com", "projectKey": "LYA"}
{"userName": "Bertha Tammi", "userLogin": "Bertha_Tammi", "userEmail": "bertha.tammi@example.com", "projectKey": "LYA"}
{"userName": "Heather Emelda", "userLogin": "Heather_Emelda", "userEmail": "heather.emelda@example.com", "projectKey": "RMS"}
{"userName": "Destiny Marissa", "userLogin": "Destiny_Marissa", "userEmail": "destiny.marissa@example.com", "projectKey": "EBT"}
{"userName": "Archie Roosevelt", "userLogin": "Archie_Roosevelt", "userEmail": "archie.roosevelt@example.com", "projectKey": "OJF"}
{"userName": "Gail Rylie", "userLogin": "Gail_Rylie", "userEmail": "gail.rylie@example.com", "projectKey": "KLW"}
{"userName": "Nishka Baylee", "userLogin": "Nishka_Baylee", "userEmail": "nishka.baylee@example.com", "projectKey": "EBT"}
{"userName": "Ingrid Alyssa", "userLogin": "Ingrid_Alyssa", "userEmail": "ingrid.alyssa@example.com", "projectKey": "EMX"}
{"userName": "Jules Darcey", "userLogin": "Jules_Darcey", "userEmail": "jules.darcey@example.com", "projectKey": "OJF"}
{"userName": "Kennedy Holden", "userLogin": "Kennedy_Holden", "userEmail": "kennedy.holden@example.com", "projectKey": "EMX"}
{"userName": "Bronte Arielle", "userLogin": "Bronte_Arielle", "userEmail": "bronte.arielle@example.com", "projectKey": "YRT"}
{"userName": "Jania Pearl", "userLogin": "Jania_Pearl", "userEmail": "jania.pearl@example.com", "projectKey": "KHJ"}
{"userName": "Frida Kaitlyn", "userLogin": "Frida_Kaitlyn", "userEmail": "frida.kaitlyn@example.com", "projectKey": "KHJ"}
{"userName": "Cat Elen", "userLogin": "Cat_Elen", "userEmail": "cat.elen@example.com", "projectKey": "EBT"}
{"userName": "Rosalynn Francoise", "userLogin": "Rosalynn_Francoise", "userEmail": "rosalynn.francoise@example.com", "projectKey": "YRT"}
{"userName": "Laurie Katy", "userLogin": "Laurie_Katy", "userEmail": "laurie.katy@example.com", "projectKey": "OJF"}
{"userName": "Dewey Efrain", "userLogin": "Dewey_Efrain", "userEmail": "dewey.efrain@example.com", "projectKey": "RMS"}
{"userName": "Kia Shania", "userLogin": "Kia_Shania", "userEmail": "kia.shania@example.com", "projectKey": "LYA"}
{"userName": "Monica Clementine", "userLogin": "Monica_Clementine", "userEmail": "monica.clementine@example.com", "projectKey": "BXS"}
{"userName": "Ross Mike", "userLogin": "Ross_Mike", "userEmail": "ross.mike@example.com", "projectKey": "RMS"}
{"userName": "Portia Griselda", "userLogin": "Portia_Griselda", "userEmail": "portia.griselda@example.com", "projectKey": "KHJ"}
{"userName": "July Jemma", "userLogin": "July_Jemma", "userEmail": "july.jemma@example.com", "projectKey": "OJF"}
{"userName": "Cole Mateo", "userLogin": "Cole_Mateo", "userEmail": "cole.mateo@example.com", "projectKey": "KHJ"}
{"userName": "Cleopatra Neve", "userLogin": "Cleopatra_Neve", "userEmail": "cleopatra.neve@example.com", "projectKey": "BXS"}
{"userName": "Annabella Mckayla", "userLogin": "Annabella_Mckayla", "userEmail": "annabella.mckayla@example.com", "projectKey": "RMS"}
{"userName": "Florian Steven", "userLogin": "Florian_Steven", "userEmail": "florian.steven@example.com", "projectKey": "RMS"}
{"userName": "Milly Aoife", "userLogin": "Milly_Aoife", "userEmail": "milly.aoife@example.com", "projectKey": "KHJ"}
{"userName": "Audrey Makayla", "userLogin": "Audrey_Makayla", "userEmail": "audrey.makayla@example.com", "projectKey": "EBT"}
{"userName": "Sarah Lyla", "userLogin": "Sarah_Lyla", "userEmail": "sarah.lyla@example.com", "projectKey": "OJF"}
{"userName": "Nieve Theresa", "userLogin": "Nieve_Theresa", "userEmail": "nieve.theresa@example.com", "projectKey": "OJF"}
{"userName": "Nessa Renae", "userLogin": "Nessa_Renae", "userEmail": "nessa.renae@example.com", "projectKey": "RMS"}
{"userName": "Vance Donovan", "userLogin": "Vance_Donovan", "userEmail": "vance.donovan@example.com", "projectKey": "EBT"}
{"userName": "Julian Gavin", "userLogin": "Julian_Gavin", "userEmail": "julian.gavin@example.com", "projectKey": "BXS"}
{"userName": "Lionel Carlos", "userLogin": "Lionel_Carlos", "userEmail": "lionel.carlos@example.com", "projectKey": "RMS"}
{"userName": "Al Clint", "userLogin": "Al_Clint", "userEmail": "al.clint@example.com", "projectKey": "KHJ"}
{"userName": "Fidel Nate", "userLogin": "Fidel_Nate", "userEmail": "fidel.nate@example.com", "projectKey": "KHJ"}
{"userName": "Lennie Zion", "userLogin": "Lennie_Zion", "userEmail": "lennie.zion@example.com", "projectKey": "EBT"}
{"userName": "Cierra Ayla", "userLogin": "Cierra_Ayla", "userEmail": "cierra.ayla@example.com", "projectKey": "EMX"}
{"userName": "Emer Taylor", "userLogin": "Emer_Taylor", "userEmail": "emer.taylor@example.com", "projectKey": "RMS"}
{"userName": "Preslie Edna", "userLogin": "Preslie_Edna", "userEmail": "preslie.edna@example.com", "projectKey": "EBT"}
{"userName": "Avery Aspen", "userLogin": "Avery_Aspen", "userEmail": "avery.aspen@example.com", "projectKey": "KHJ"}
{"userName": "Vince Louie", "userLogin": "Vince_Louie", "userEmail": "vince.louie@example.com", "projectKey": "EBT"}
{"userName": "June Dianne", "userLogin": "June_Dianne", "userEmail": "june.dianne@example.com", "projectKey": "EMX"}
{"userName": "Todd Mason", "userLogin": "Todd_Mason", "userEmail": "todd.mason@example.com", "projectKey": "EMX"}
{"userName": "Rameel Myron", "userLogin": "Rameel_Myron", "userEmail": "rameel.myron@example.com", "projectKey": "KLW"}
{"userName": "Edith Moira", "userLogin": "Edith_Moira", "userEmail": "edith.moira@example.com", "projectKey": "EMX"}
{"userName": "Mel Aldo", "userLogin": "Mel_Aldo", "userEmail": "mel.aldo@example.com", "projectKey": "LYA"}
{"userName": "Daisy Ilona", "userLogin": "Daisy_Ilona", "userEmail": "daisy.ilona@example.com", "projectKey": "EMX"}
{"userName": "Jaida Alexandria", "userLogin": "Jaida_Alexandria", "userEmail": "jaida.alexandria@example.com", "projectKey": "RMS"}
{"userName": "Trenton Ethen", "userLogin": "Trenton_Ethen", "userEmail": "trenton.ethen@example.com", "projectKey": "KHJ"}
{"userName": "Ophelia Latoya", "userLogin": "Ophelia_Latoya", "userEmail": "ophelia.latoya@example.com", "projectKey": "EMX"}
{"userName": "Guillermo Cathal", "userLogin": "Guillermo_Cathal", "userEmail": "guillermo.cathal@example.com", "projectKey": "KHJ"}
{"userName": "Serenity Blossom", "userLogin": "Serenity_Blossom", "userEmail": "serenity.blossom@example.com", "projectKey": "KLW"}
{"userName": "Keaton Bellamy", "userLogin": "Keaton_Bellamy", "userEmail": "keaton.bellamy@example.com", "projectKey": "BXS"}
{"userName": "Brydon Jay", "userLogin": "Brydon_Jay", "userEmail": "brydon.jay@example.com", "projectKey": "BXS"}
{"userName": "Titus Scotty", "userLogin": "Titus_Scotty", "userEmail": "titus.scotty@example.com", "projectKey": "LYA"}
{"userName": "Taryn Melody", "userLogin": "Taryn_Melody", "userEmail": "taryn.melody@example.com", "projectKey": "XRJ"}
{"userName": "Ronnie Darin", "userLogin": "Ronnie_Darin", "userEmail": "ronnie.darin@example.com", "projectKey": "EBT"}
{"userName": "Burt Terrance", "userLogin": "Burt_Terrance", "userEmail": "burt.terrance@example.com", "projectKey": "KLW"}
{"userName": "Ulysses Mathew", "userLogin": "Ulysses_Mathew", "userEmail": "ulysses.mathew@example.com", "projectKey": "RMS"}
{"userName": "Bronson Seamus", "userLogin": "Bronson_Seamus", "userEmail": "bronson.seamus@example.com", "projectKey": "XRJ"}
{"userName": "Ashby Tiago", "userLogin": "Ashby_Tiago", "userEmail": "ashby.tiago@example.com", "projectKey": "KHJ"}
{"userName": "Bryce Royce", "userLogin": "Bryce_Royce", "userEmail": "bryce.royce@example.com", "projectKey": "LYA"}
{"userName": "Thelma Kailyn", "userLogin": "Thelma_Kailyn", "userEmail": "thelma.kailyn@example.com", "projectKey": "KLW"}
{"userName": "Kiran Hank", "userLogin": "Kiran_Hank", "userEmail": "kiran.hank@example.com", "projectKey": "EMX"}
{"userName": "Dante Jonathon", "userLogin": "Dante_Jonathon", "userEmail": "dante.jonathon@example.com", "projectKey": "KLW"}
{"userName": "Leslie Dayton", "userLogin": "Leslie_Dayton", "userEmail": "leslie.dayton@example.com", "projectKey": "XRJ"}
{"userName": "Rachael Makayla", "userLogin": "Rachael_Makayla", "userEmail": "rachael.makayla@example.com", "projectKey": "EMX"}
{"userName": "Will Petar", "userLogin": "Will_Petar", "userEmail": "will.petar@example.com", "projectKey": "BXS"}
{"userName": "Lettie Katara", "userLogin": "Lettie_Katara", "userEmail": "lettie.katara@example.com", "projectKey": "EMX"}
{"userName": "Crosby Blaine", "userLogin": "Crosby_Blaine", "userEmail": "crosby.blaine@example.com", "projectKey": "KHJ"}
{"userName": "Fabio Gilbert", "userLogin": "Fabio_Gilbert", "userEmail": "fabio.gilbert@example.com", "projectKey": "KHJ"}
{"userName": "Yesenia Delores", "userLogin": "Yesenia_Delores", "userEmail": "yesenia.delores@example.com", "projectKey": "OJF"}
{"userName": "Bevan Humphrey", "userLogin": "Bevan_Humphrey", "userEmail": "bevan.humphrey@example.com", "projectKey": "XRJ"}
{"userName": "Sabrina Fern", "userLogin": "Sabrina_Fern", "userEmail": "sabrina.fern@example.com", "projectKey": "LYA"}
{"userName": "Gilbert Klay", "userLogin": "Gilbert_Klay", "userEmail": "gilbert.klay@example.com", "projectKey": "KLW"}
{"userName": "Faisal Antonio", "userLogin": "Faisal_Antonio", "userEmail": "faisal.antonio@example.com", "projectKey": "OJF"}
{"userName": "Sarah Juliette", "userLogin": "Sarah_Juliette", "userEmail": "sarah.juliette@example.com", "projectKey": "OJF"}
{"userName": "Bryant Tremaine", "userLogin": "Bryant_Tremaine", "userEmail": "bryant.tremaine@example.com", "projectKey": "YRT"}
{"userName": "Matthias Niall", "userLogin": "Matthias_Niall", "userEmail": "matthias.niall@example.com", "projectKey": "KLW"}
{"userName": "Dee Jade", "userLogin": "Dee_Jade", "userEmail": "dee.jade@example.com", "projectKey": "YRT"}
{"userName": "Ash Wolf", "userLogin": "Ash_Wolf", "userEmail": "ash.wolf@example.com", "projectKey": "LYA"}
{"userName": "Merick Baylor", "userLogin": "Merick_Baylor", "userEmail": "merick.baylor@example.com", "projectKey": "EMX"}
{"userName": "Jeanette Karyn", "userLogin": "Jeanette_Karyn", "userEmail": "jeanette.karyn@example.com", "projectKey": "EBT"}
{"userName": "Kayle Bennett", "userLogin": "Kayle_Bennett", "userEmail": "kayle.bennett@example.com", "projectKey": "KLW"}
{"userName": "Cora Immy", "userLogin": "Cora_Immy", "userEmail": "cora.immy@example.com", "projectKey": "OJF"}
{"userName": "Aspen Jaqueline", "userLogin": "Aspen_Jaqueline", "userEmail": "aspen.jaqueline@example.com", "projectKey": "KHJ"}
{"userName": "Bevan Grady", "userLogin": "Bevan_Grady", "userEmail": "bevan.grady@example.com", "projectKey": "EMX"}
{"userName": "Oliver Thomas", "userLogin": "Oliver_Thomas", "userEmail": "oliver.thomas@example.com", "projectKey": "EBT"}
{"userName": "Landyn Hayden", "userLogin": "Landyn_Hayden", "userEmail": "landyn.hayden@example.com", "projectKey": "YRT"}
{"userName": "Bertie Colm", "userLogin": "Bertie_Colm", "userEmail": "bertie.colm@example.com", "projectKey": "OJF"}
{"userName": "Stefan Barclay", "userLogin": "Stefan_Barclay", "userEmail": "stefan.barclay@example.com", "projectKey": "YRT"}
{"userName": "Oswald Kai", "userLogin": "Oswald_Kai", "userEmail": "oswald.kai@example.com", "projectKey": "LYA"}
{"userName": "Keeley Honour", "userLogin": "Keeley_Honour", "userEmail": "keeley.honour@example.com", "projectKey": "KHJ"}
{"userName": "Edmund Morgan", "userLogin": "Edmund_Morgan", "userEmail": "edmund.morgan@example.com", "projectKey": "BXS"}
{"userName": "Yahir Glyndwr", "userLogin": "Yahir_Glyndwr", "userEmail": "yahir.glyndwr@example.com", "projectKey": "OJF"}
{"userName": "Kelly Thor", "userLogin": "Kelly_Thor", "userEmail": "kelly.thor@example.com", "projectKey": "LYA"}
{"userName": "Mea Isabella", "userLogin": "Mea_Isabella", "userEmail": "mea.isabella@example.com", "projectKey": "RMS"}
